
{
	"allowSleep" : true,
	"autoClearForces" : true,
	"body" : 
	[
		
		{
			"angle" : 1.577068209648132,
			"angularVelocity" : 0,
			"awake" : true,
			"fixture" : 
			[
				
				{
					"density" : 1,
					"filter-categoryBits" : 2,
					"filter-maskBits" : 65533,
					"friction" : 0.2000000029802322,
					"name" : "fixture3",
					"polygon" : 
					{
						"vertices" : 
						{
							"x" : 
							[
								1.149399995803833,
								1.149399995803833,
								-1.149399995803833,
								-1.149399995803833
							],
							"y" : 
							[
								0.9467610120773315,
								1.006500005722046,
								1.006500005722046,
								0.9467610120773315
							]
						}
					}
				},
				
				{
					"density" : 1,
					"filter-categoryBits" : 2,
					"filter-maskBits" : 65533,
					"friction" : 0.2000000029802322,
					"name" : "fixture3",
					"polygon" : 
					{
						"vertices" : 
						{
							"x" : 
							[
								1.149399995803833,
								1.149399995803833,
								-1.149399995803833,
								-1.149399995803833
							],
							"y" : 
							[
								-0.8909837007522583,
								-0.8312447071075440,
								-0.8312447071075440,
								-0.8909837007522583
							]
						}
					}
				}
			],
			"linearVelocity" : 
			{
				"x" : 0,
				"y" : 0
			},
			"name" : "spawn1",
			"position" : 
			{
				"x" : 2.048759460449219,
				"y" : -8.184007644653320
			},
			"type" : 0
		},
		
		{
			"angle" : 0,
			"angularVelocity" : 0,
			"awake" : true,
			"fixture" : 
			[
				
				{
					"density" : 1,
					"filter-categoryBits" : 7,
					"friction" : 0.2000000029802322,
					"name" : "fixture0",
					"polygon" : 
					{
						"vertices" : 
						{
							"x" : 
							[
								11.46714210510254,
								11.46714210510254,
								-11.46714019775391,
								-11.46714019775391
							],
							"y" : 
							[
								-0.1288146972656250,
								0.1288146972656250,
								0.1288146972656250,
								-0.1288146972656250
							]
						}
					}
				}
			],
			"linearVelocity" : 
			{
				"x" : 0,
				"y" : 0
			},
			"name" : "body0",
			"position" : 
			{
				"x" : 30.48680686950684,
				"y" : -6.307284355163574
			},
			"type" : 0
		},
		
		{
			"angle" : 0,
			"angularVelocity" : 0,
			"awake" : true,
			"fixture" : 
			[
				
				{
					"density" : 1,
					"filter-categoryBits" : 7,
					"friction" : 0.2000000029802322,
					"name" : "fixture0",
					"polygon" : 
					{
						"vertices" : 
						{
							"x" : 
							[
								11.46714210510254,
								11.46714210510254,
								-11.46714019775391,
								-11.46714019775391
							],
							"y" : 
							[
								-0.1288146972656250,
								0.1288146972656250,
								0.1288146972656250,
								-0.1288146972656250
							]
						}
					}
				}
			],
			"linearVelocity" : 
			{
				"x" : 0,
				"y" : 0
			},
			"name" : "body0",
			"position" : 
			{
				"x" : -6.204710006713867,
				"y" : -6.329665184020996
			},
			"type" : 0
		},
		
		{
			"angle" : 0,
			"angularVelocity" : 0,
			"awake" : true,
			"fixture" : 
			[
				
				{
					"density" : 0.3678206205368042,
					"filter-categoryBits" : 7,
					"friction" : 0.2000000029802322,
					"name" : "fixture1",
					"polygon" : 
					{
						"vertices" : 
						{
							"x" : 
							[
								1.427947998046875,
								1.427947998046875,
								-1.427949428558350,
								-1.427949428558350
							],
							"y" : 
							[
								-1.427948951721191,
								1.427948474884033,
								1.427948474884033,
								-1.427948951721191
							]
						}
					},
					"restitution" : 0.3000000119209290
				}
			],
			"linearVelocity" : 
			{
				"x" : 0,
				"y" : 0
			},
			"massData-I" : 4.078075408935547,
			"massData-center" : 
			{
				"x" : -7.185005301835190e-007,
				"y" : -2.416633719803940e-007
			},
			"massData-mass" : 3.0,
			"name" : "debree",
			"position" : 
			{
				"x" : 12.81332874298096,
				"y" : -13.25764656066895
			},
			"type" : 2
		},
		
		{
			"angle" : 0,
			"angularVelocity" : 0,
			"awake" : true,
			"fixture" : 
			[
				
				{
					"density" : 0.3678206205368042,
					"filter-categoryBits" : 7,
					"friction" : 0.2000000029802322,
					"name" : "fixture1",
					"polygon" : 
					{
						"vertices" : 
						{
							"x" : 
							[
								1.427947998046875,
								1.427947998046875,
								-1.427949428558350,
								-1.427949428558350
							],
							"y" : 
							[
								-1.427948951721191,
								1.427948474884033,
								1.427948474884033,
								-1.427948951721191
							]
						}
					},
					"restitution" : 0.3000000119209290
				}
			],
			"linearVelocity" : 
			{
				"x" : 0,
				"y" : 0
			},
			"massData-I" : 4.078075408935547,
			"massData-center" : 
			{
				"x" : -7.185005301835190e-007,
				"y" : -2.416633719803940e-007
			},
			"massData-mass" : 3.0,
			"name" : "debree",
			"position" : 
			{
				"x" : 12.35704326629639,
				"y" : -10.37424659729004
			},
			"type" : 2
		},
		
		{
			"angle" : 0,
			"angularVelocity" : 0,
			"awake" : true,
			"fixture" : 
			[
				
				{
					"density" : 0.3678206205368042,
					"filter-categoryBits" : 7,
					"friction" : 0.2000000029802322,
					"name" : "fixture1",
					"polygon" : 
					{
						"vertices" : 
						{
							"x" : 
							[
								1.427950024604797,
								1.427950024604797,
								-1.427950024604797,
								-1.427950024604797
							],
							"y" : 
							[
								-1.427950024604797,
								1.427950024604797,
								1.427950024604797,
								-1.427950024604797
							]
						}
					},
					"restitution" : 0.3000000119209290
				}
			],
			"linearVelocity" : 
			{
				"x" : 0,
				"y" : 0
			},
			"massData-I" : 4.078090667724609,
			"massData-center" : 
			{
				"x" : -1.182036135638498e-009,
				"y" : -1.182036135638498e-009
			},
			"massData-mass" : 3.000005722045898,
			"name" : "debree",
			"position" : 
			{
				"x" : 5.467916488647461,
				"y" : -10.562011718750
			},
			"type" : 2
		},
		
		{
			"angle" : 0,
			"angularVelocity" : 0,
			"awake" : true,
			"fixture" : 
			[
				
				{
					"density" : 0.3678206205368042,
					"filter-categoryBits" : 7,
					"friction" : 0.2000000029802322,
					"name" : "fixture1",
					"polygon" : 
					{
						"vertices" : 
						{
							"x" : 
							[
								1.427947998046875,
								1.427947998046875,
								-1.427949428558350,
								-1.427949428558350
							],
							"y" : 
							[
								-1.427948951721191,
								1.427948474884033,
								1.427948474884033,
								-1.427948951721191
							]
						}
					},
					"restitution" : 0.3000000119209290
				}
			],
			"linearVelocity" : 
			{
				"x" : 0,
				"y" : 0
			},
			"massData-I" : 4.078075408935547,
			"massData-center" : 
			{
				"x" : -7.185005301835190e-007,
				"y" : -2.416633719803940e-007
			},
			"massData-mass" : 3.0,
			"name" : "debree",
			"position" : 
			{
				"x" : 15.16183280944824,
				"y" : -3.157359600067139
			},
			"type" : 2
		},
		
		{
			"angle" : 1.570796370506287,
			"angularVelocity" : 0,
			"awake" : true,
			"fixture" : 
			[
				
				{
					"density" : 1,
					"filter-categoryBits" : 7,
					"friction" : 0.2000000029802322,
					"name" : "fixture0",
					"polygon" : 
					{
						"vertices" : 
						{
							"x" : 
							[
								9.088507652282715,
								9.088507652282715,
								-9.088507652282715,
								-9.088507652282715
							],
							"y" : 
							[
								-0.1288142502307892,
								0.1288142502307892,
								0.1288142502307892,
								-0.1288142502307892
							]
						}
					}
				}
			],
			"linearVelocity" : 
			{
				"x" : 0,
				"y" : 0
			},
			"name" : "body0",
			"position" : 
			{
				"x" : 22.65702438354492,
				"y" : -8.608115196228027
			},
			"type" : 0
		},
		
		{
			"angle" : 1.570796370506287,
			"angularVelocity" : 0,
			"awake" : true,
			"fixture" : 
			[
				
				{
					"density" : 1,
					"filter-categoryBits" : 7,
					"friction" : 0.2000000029802322,
					"name" : "fixture0",