
{
	"allowSleep" : true,
	"autoClearForces" : true,
	"body" : 
	[
		
		{
			"angle" : 0,
			"angularVelocity" : 0,
			"awake" : true,
			"fixture" : 
			[
				
				{
					"density" : 1,
					"friction" : 0.2,
					"name" : "fixture2",
					"polygon" : 
					{
						"vertices" : 
						{
							"x" : 
							[
								0.6778755187988281,
								0.6778755187988281,
								-0.6778755187988281,
								-0.6778755187988281
							],
							"y" : 
							[
								-0.6778755187988281,
								0.6778755187988281,
								0.6778755187988281,
								-0.6778755187988281
							]
						}
					},
					"sensor" : true
				}
			],
			"linearVelocity" : 0,
			"massData-I" : 0.5630779862403870,
			"massData-mass" : 1.838060855865479,
			"name" : "powerup",
			"position" : 
			{
				"x" : 11.07304954528809,
				"y" : -11.43464660644531
			},
			"type" : 2
		},
		
		{
			"angle" : 0,
			"angularVelocity" : 0,
			"awake" : true,
			"fixture" : 
			[
				
				{
					"density" : 0.1,
					"friction" : 0.2,
					"name" : "fixture1",
					"polygon" : 
					{
						"vertices" : 
						{
							"x" : 
							[
								1.427947998046875,
								1.427947998046875,
								-1.427949428558350,
								-1.427949428558350
							],
							"y" : 
							[
								-1.427948951721191,
								1.427948474884033,
								1.427948474884033,
								-1.427948951721191
							]
						}
					},
					"restitution" : 0.3
				}
			],
			"linearVelocity" : 0,
			"massData-I" : 1.108713030815125,
			"massData-center" : 
			{
				"x" : -7.152557373046875e-07,
				"y" : -2.384185648907078e-07
			},
			"massData-mass" : 0.8156149983406067,
			"name" : "debree",
			"position" : 
			{
				"x" : 9.093898773193359,
				"y" : -6.023737430572510
			},
			"type" : 2
		},
		
		{
			"angle" : 1.570796370506287,
			"angularVelocity" : 0,
			"awake" : true,
			"fixture" : 
			[
				
				{
					"density" : 1,
					"friction" : 0.2,
					"name" : "fixture0",
					"polygon" : 
					{
						"vertices" : 
						{
							"x" : 
							[
								9.088507652282715,
								9.088507652282715,
								-9.088507652282715,
								-9.088507652282715
							],
							"y" : 
							[
								-0.1288142502307892,
								0.1288142502307892,
								0.1288142502307892,
								-0.1288142502307892
							]
						}
					}
				}
			],
			"linearVelocity" : 0,
			"name" : "body0",
			"position" : 
			{
				"x" : 22.65702438354492,
				"y" : -8.608115196228027
			},
			"type" : 0
		},
		
		{
			"angle" : 1.570796370506287,
			"angularVelocity" : 0,
			"awake" : true,
			"fixture" : 
			[
				
				{
					"density" : 1,
					"friction" : 0.2,
					"name" : "fixture0",
					"polygon" : 
					{
						"vertices" : 
						{
							"x" : 
							[
								9.088507652282715,
								9.088507652282715,
								-9.088507652282715,
								-9.088507652282715
							],
							"y" : 
							[
								-0.1288142502307892,
								0.1288142502307892,
								0.1288142502307892,
								-0.1288142502307892
							]
						}
					}
				}
			],
			"linearVelocity" : 0,
			"name" : "body0",
			"position" : 
			{
				"x" : 0.1165881156921387,
				"y" : -8.744134902954102
			},
			"type" : 0
		},
		
		{
			"angle" : 0,
			"angularVelocity" : 0,
			"awake" : true,
			"fixture" : 
			[
				
				{
					"density" : 1,
					"friction" : 0.2,
					"name" : "fixture0",
					"polygon" : 
					{
						"vertices" : 
						{
							"x" : 
							[
								11.46714210510254,
								11.46714210510254,
								-11.46714019775391,
								-11.46714019775391
							],
							"y" : 
							[
								-0.1288146972656250,
								0.1288146972656250,
								0.1288146972656250,
								-0.1288146972656250
							]
						}
					}
				}
			],
			"linearVelocity" : 0,
			"name" : "body0",
			"position" : 
			{
				"x" : 11.38680648803711,
				"y" : -16.98305130004883
			},
			"type" : 0
		},
		
		{
			"angle" : 0,
			"angularVelocity" : 0,
			"awake" : true,
			"fixture" : 
			[
				
				{
					"density" : 1,
					"friction" : 0.2,
					"name" : "fixture0",
					"polygon" : 
					{
						"vertices" : 
						{
							"x" : 
							[
								11.47263526916504,
								11.47263526916504,
								-11.47263336181641,
								-11.47263336181641
							],
							"y" : 
							[
								-0.1288142502307892,
								0.1288142502307892,
								0.1288142502307892,
								-0.1288142502307892
							]
						}
					}
				}
			],
			"linearVelocity" : 0,
			"name" : "body0",
			"position" : 
			{
				"x" : 11.50339508056641,
				"y" : -0.01943111419677734
			},
			"type" : 0
		},
		
		{
			"angle" : 0,
			"angularVelocity" : 0,
			"awake" : true,
			"fixture" : 
			[
				
				{
					"circle" : 
					{
						"center" : 0,
						"radius" : 0.5
					},
					"density" : 1,
					"friction" : 0.2,
					"name" : "circle",
					"restitution" : 0.2
				}
			],
			"linearVelocity" : 0,
			"massData-I" : 0.09817477315664291,
			"massData-mass" : 0.7853981852531433,
			"name" : "player1",
			"position" : 
			{
				"x" : 12.29857063293457,
				"y" : -6.407530784606934
			},
			"type" : 2
		},
		
		{
			"angle" : 0,
			"angularVelocity" : 0,
			"awake" : true,
			"fixture" : 
			[
				
				{
					"circle" : 
					{
						"center" : 0,
						"radius" : 0.5
					},
					"density" : 1,
					"friction" : 0.2,
					"name" : "circle",
					"restitution" : 0.2
				}
			],
			"linearVelocity" : 0,
			"massData-I" : 0.09817477315664291,
			"massData-mass" : 0.7853981852531433,
			"name" : "player2",
			"position" : 
			{
				"x" : 14.65540504455566,
				"y" : -8.086402893066406
			},
			"type" : 2
		}
	],
	"collisionbitplanes" : 
	{
		"names" : 
		[
			"bitplane1",
			"bitplane2",
			"bitplane3",
			"bitplane4",
			"bitplane5",
			"bitplane6",
			"bitplane7",
			"bitplane8",
			"bitplane9",
			"bitplane10",
			"bitplane11",
			"bitplane12",
			"bitplane13",
			"bitplane14",
			"bitplane15",
			"bitplane16",
			"bitplane17",
			"bitplane18",
			"bitplane19",
			"bitplane20",
			"bitplane21",
			"bitplane22",
			"bitplane23",
			"bitplane24",
			"bitplane25",
			"bitplane26",
			"bitplane27",
			"bitplane28",
			"bitplane29",
			"bitplane30",
			"bitplane31",
			"bitplane32"
		]
	},
	"continuousPhysics" : true,
	"gravity" : 
	{
		"x" : 0,
		"y" : -10
	},
	"positionIterations" : 3,
	"stepsPerSecond" : 60.0,
	"subStepping" : false,
	"velocityIterations" : 8,
	"warmStarting" : true
}
