
{
	"allowSleep" : true,
	"autoClearForces" : true,
	"body" : 
	[
		
		{
			"angle" : 0,
			"angularVelocity" : 0,
			"awake" : true,
			"fixture" : 
			[
				
				{
					"density" : 1,
					"filter-categoryBits" : 4,
					"filter-maskBits" : 65531,
					"friction" : 0.2,
					"name" : "fixture3",
					"polygon" : 
					{
						"vertices" : 
						{
							"x" : 
							[
								1.149399757385254,
								1.149399757385254,
								-1.149400234222412,
								-1.149400234222412
							],
							"y" : 
							[
								-1.149400711059570,
								1.149398803710938,
								1.149398803710938,
								-1.149400711059570
							]
						}
					}
				}
			],
			"linearVelocity" : 0,
			"name" : "spawn2",
			"position" : 
			{
				"x" : 20.98265075683594,
				"y" : -8.033340454101562
			},
			"type" : 0
		},
		
		{
			"angle" : 0,
			"angularVelocity" : 0,
			"awake" : true,
			"fixture" : 
			[
				
				{
					"density" : 1,
					"filter-categoryBits" : 2,
					"filter-maskBits" : 65533,
					"friction" : 0.2,
					"name" : "fixture3",
					"polygon" : 
					{
						"vertices" : 
						{
							"x" : 
							[
								1.149399757385254,
								1.149399757385254,
								-1.149400234222412,
								-1.149400234222412
							],
							"y" : 
							[
								-1.149400711059570,
								1.149398803710938,
								1.149398803710938,
								-1.149400711059570
							]
						}
					}
				}
			],
			"linearVelocity" : 0,
			"name" : "spawn1",
			"position" : 
			{
				"x" : 2.048759937286377,
				"y" : -8.184006690979004
			},
			"type" : 0
		},
		
		{
			"angle" : 0,
			"angularVelocity" : 0,
			"awake" : true,
			"fixture" : 
			[
				
				{
					"density" : 1,
					"filter-categoryBits" : 7,
					"friction" : 0.2,
					"name" : "fixture0",
					"polygon" : 
					{
						"vertices" : 
						{
							"x" : 
							[
								11.47263526916504,
								11.47263526916504,
								-11.47263336181641,
								-11.47263336181641
							],
							"y" : 
							[
								-0.1288142502307892,
								0.1288142502307892,
								0.1288142502307892,
								-0.1288142502307892
							]
						}
					}
				}
			],
			"linearVelocity" : 0,
			"name" : "body0",
			"position" : 
			{
				"x" : 11.50339508056641,
				"y" : -0.01943111419677734
			},
			"type" : 0
		},
		
		{
			"angle" : 0,
			"angularVelocity" : 0,
			"awake" : true,
			"fixture" : 
			[
				
				{
					"density" : 1,
					"filter-categoryBits" : 7,
					"friction" : 0.2,
					"name" : "fixture0",
					"polygon" : 
					{
						"vertices" : 
						{
							"x" : 
							[
								11.46714210510254,
								11.46714210510254,
								-11.46714019775391,
								-11.46714019775391
							],
							"y" : 
							[
								-0.1288146972656250,
								0.1288146972656250,
								0.1288146972656250,
								-0.1288146972656250
							]
						}
					}
				}
			],
			"linearVelocity" : 0,
			"name" : "body0",
			"position" : 
			{
				"x" : 11.38680648803711,
				"y" : -16.98305130004883
			},
			"type" : 0
		},
		
		{
			"angle" : 1.570796370506287,
			"angularVelocity" : 0,
			"awake" : true,
			"fixture" : 
			[
				
				{
					"density" : 1,
					"filter-categoryBits" : 7,
					"friction" : 0.2,
					"name" : "fixture0",
					"polygon" : 
					{
						"vertices" : 
						{
							"x" : 
							[
								9.088507652282715,
								9.088507652282715,
								-9.088507652282715,
								-9.088507652282715
							],
							"y" : 
							[
								-0.1288142502307892,
								0.1288142502307892,
								0.1288142502307892,
								-0.1288142502307892
							]
						}
					}
				}
			],
			"linearVelocity" : 0,
			"name" : "body0",
			"position" : 
			{
				"x" : 0.1165881156921387,
				"y" : -8.744134902954102
			},
			"type" : 0
		},
		
		{
			"angle" : 1.570796370506287,
			"angularVelocity" : 0,
			"awake" : true,
			"fixture" : 
			[
				
				{
					"density" : 1,
					"filter-categoryBits" : 7,
					"friction" : 0.2,
					"name" : "fixture0",
					"polygon" : 
					{
						"vertices" : 
						{
							"x" : 
							[
								9.088507652282715,
								9.088507652282715,
								-9.088507652282715,
								-9.088507652282715
							],
							"y" : 
							[
								-0.1288142502307892,
								0.1288142502307892,
								0.1288142502307892,
								-0.1288142502307892
							]
						}
					}
				}
			],
			"linearVelocity" : 0,
			"name" : "body0",
			"position" : 
			{
				"x" : 22.65702438354492,
				"y" : -8.608115196228027
			},
			"type" : 0
		},
		
		{
			"angle" : 0,
			"angularVelocity" : 0,
			"awake" : true,
			"fixture" : 
			[
				
				{
					"density" : 0.3678206205368042,
					"filter-categoryBits" : 7,
					"friction" : 0.2,
					"name" : "fixture1",
					"polygon" : 
					{
						"vertices" : 
						{
							"x" : 
							[
								1.427947998046875,
								1.427947998046875,
								-1.427949428558350,
								-1.427949428558350
							],
							"y" : 
							[
								-1.427948951721191,
								1.427948474884033,
								1.427948474884033,
								-1.427948951721191
							]
						}
					},
					"restitution" : 0.3
				}
			],
			"linearVelocity" : 0,
			"massData-I" : 4.078075408935547,
			"massData-center" : 
			{
				"x" : -7.152557373046875e-07,
				"y" : -2.384185791015625e-07
			},
			"massData-mass" : 3,
			"name" : "debree",
			"position" : 
			{
				"x" : 15.16183280944824,
				"y" : -3.157359600067139
			},
			"type" : 2
		},
		
		{
			"angle" : 0,
			"angularVelocity" : 0,
			"awake" : true,
			"fixture" : 
			[
				
				{
					"density" : 0.3678206205368042,
					"filter-categoryBits" : 7,
					"friction" : 0.2,
					"name" : "fixture1",
					"polygon" : 
					{
						"vertices" : 
						{
							"x" : 
							[
								1.427950024604797,
								1.427950024604797,
								-1.427950024604797,
								-1.427950024604797
							],
							"y" : 
							[
								-1.427950024604797,
								1.427950024604797,
								1.427950024604797,
								-1.427950024604797
							]
						}
					},
					"restitution" : 0.3
				}
			],
			"linearVelocity" : 0,
			"massData-I" : 4.078090667724609,
			"massData-mass" : 3.000005722045898,
			"name" : "debree",
			"position" : 
			{
				"x" : 5.467916488647461,
				"y" : -10.562011718750
			},
			"type" : 2
		},
		
		{
			"angle" : 0,
			"angularVelocity" : 0,
			"awake" : true,
			"fixture" : 
			[
				
				{
					"density" : 0.3678206205368042,
					"filter-categoryBits" : 7,
					"friction" : 0.2,
					"name" : "fixture1",
					"polygon" : 
					{
						"vertices" : 
						{
							"x" : 
							[
								1.427947998046875,
								1.427947998046875,
								-1.427949428558350,
								-1.427949428558350
							],
							"y" : 
							[
								-1.427948951721191,
								1.427948474884033,
								1.427948474884033,
								-1.427948951721191
							]
						}
					},
					"restitution" : 0.3
				}
			],
			"linearVelocity" : 0,
			"massData-I" : 4.078075408935547,
			"massData-center" : 
			{
				"x" : -7.152557373046875e-07,
				"y" : -2.384185791015625e-07
			},
			"massData-mass" : 3,
			"name" : "debree",
			"position" : 
			{
				"x" : 12.35704326629639,
				"y" : -10.37424659729004
			},
			"type" : 2
		},
		
		{
			"angle" : 0,
			"angularVelocity" : 0,
			"awake" : true,
			"fixture" : 
			[
				
				{
					"density" : 0.3678206205368042,
					"filter-categoryBits" : 7,
					"friction" : 0.2,
					"name" : "fixture1",
					"polygon" : 
					{
						"vertices" : 
						{
							"x" : 
							[
								1.427947998046875,
								1.427947998046875,
								-1.427949428558350,
								-1.427949428558350
							],
							"y" : 
							[
								-1.427948951721191,
								1.427948474884033,
								1.427948474884033,
								-1.427948951721191
							]
						}
					},
					"restitution" : 0.3
				}
			],
			"linearVelocity" : 0,
			"massData-I" : 4.078075408935547,
			"massData-center" : 
			{
				"x" : -7.152557373046875e-07,
				"y" : -2.384185791015625e-07
			},
			"massData-mass" : 3,
			"name" : "debree",