
{
	"allowSleep" : true,
	"autoClearForces" : true,
	"body" : 
	[
		
		{
			"angle" : 0,
			"angularVelocity" : 0,
			"awake" : true,
			"fixture" : 
			[
				
				{
					"density" : 1,
					"filter-categoryBits" : 3,
					"filter-maskBits" : 65529,
					"friction" : 0.2,
					"name" : "fixture2",
					"polygon" : 
					{
						"vertices" : 
						{
							"x" : 
							[
								-0.4307479858398438,
								-0.6602268218994141,
								-0.6118011474609375,
								-0.5736589431762695
							],
							"y" : 
							[
								-0.3358440399169922,
								0.1586270332336426,
								-0.5726270675659180,
								-0.5733480453491211
							]
						}
					}
				},
				
				{
					"density" : 1,
					"filter-categoryBits" : 3,
					"filter-maskBits" : 65529,
					"friction" : 0.2,
					"name" : "fixture2",
					"polygon" : 
					{
						"vertices" : 
						{
							"x" : 
							[
								-0.0003080368041992188,
								-0.0003080368041992188,
								-0.3193616867065430,
								-0.6602268218994141,
								-0.4307479858398438,
								-0.1824045181274414
							],
							"y" : 
							[
								-0.2938928604125977,
								0.2938919067382812,
								0.3116140365600586,
								0.1586270332336426,
								-0.3358440399169922,
								-0.3477249145507812
							]
						}
					}
				},
				
				{
					"density" : 1,
					"filter-categoryBits" : 3,
					"filter-maskBits" : 65529,
					"friction" : 0.2,
					"name" : "fixture2",
					"polygon" : 
					{
						"vertices" : 
						{
							"x" : 
							[
								0.6589440107345581,
								0.4299109876155853,
								0.5725439786911011,
								0.6106129884719849
							],
							"y" : 
							[
								0.1586270034313202,
								-0.3358440101146698,
								-0.5733479857444763,
								-0.5726270079612732
							]
						}
					}
				},
				
				{
					"density" : 1,
					"filter-categoryBits" : 3,
					"filter-maskBits" : 65529,
					"friction" : 0.2,
					"name" : "fixture2",
					"polygon" : 
					{
						"vertices" : 
						{
							"x" : 
							[
								0.6589440107345581,
								0.3187409937381744,
								0.0003066660137847066,
								0.0003066660137847066,
								0.1820500046014786,
								0.4299109876155853
							],
							"y" : 
							[
								0.1586270034313202,
								0.3116140067577362,
								0.2938919961452484,
								-0.2938930094242096,
								-0.3477250039577484,
								-0.3358440101146698
							]
						}
					}
				}
			],
			"linearVelocity" : 0,
			"massData-I" : 0.1537615060806274,
			"massData-center" : 
			{
				"x" : -0.0006384846637956798,
				"y" : -0.05516968667507172
			},
			"massData-mass" : 0.8329563736915588,
			"name" : "player1",
			"position" : 0,
			"type" : 2
		}
	],
	"collisionbitplanes" : 
	{
		"names" : 
		[
			"bitplane1",
			"bitplane2",
			"bitplane3",
			"bitplane4",
			"bitplane5",
			"bitplane6",
			"bitplane7",
			"bitplane8",
			"bitplane9",
			"bitplane10",
			"bitplane11",
			"bitplane12",
			"bitplane13",
			"bitplane14",
			"bitplane15",
			"bitplane16",
			"bitplane17",
			"bitplane18",
			"bitplane19",
			"bitplane20",
			"bitplane21",
			"bitplane22",
			"bitplane23",
			"bitplane24",
			"bitplane25",
			"bitplane26",
			"bitplane27",
			"bitplane28",
			"bitplane29",
			"bitplane30",
			"bitplane31",
			"bitplane32"
		]
	},
	"continuousPhysics" : true,
	"gravity" : 
	{
		"x" : 0,
		"y" : -10
	},
	"positionIterations" : 3,
	"stepsPerSecond" : 60.0,
	"subStepping" : false,
	"velocityIterations" : 8,
	"warmStarting" : true
}
